x,y,context,tokens,word,stars,brand,name,type
-0.079377055,0.01758861,a compliment. worth the money. not for the **sensitive** type this is not at all worth the hype,a compliment . worth the money . not for the sensitive type this is not at all worth the h ##ype,sensitive,,,,
-0.095697485,-0.08053703,the day. this product was not good for my **sensitive** eyes and for the price i think it's,the day . this product was not good for my sensitive eyes and for the price i think it ' s,sensitive,2 stars,Too Faced,Better Than Sex Mascara,Mascara
-0.09519978,-0.08740678,have problems with the staying power of mascaras or **sensitive** eyes i would skip this one. … read more,have problems with the staying power of mascara ##s or sensitive eyes i would skip this one . … read more,sensitive,2 stars,Too Faced,Better Than Sex Mascara,Mascara
-0.09451646,-0.14933872,brand. i absolutely loved it. i have very **sensitive** eyes and most mascaras irritate my eyes,brand . i absolutely loved it . i have very sensitive eyes and most mascara ##s ir ##rita ##te my eyes,sensitive,5 stars,Too Faced,Better Than Sex Mascara,Mascara
-0.093227945,-0.06029894,"udge easy, doesn 't irritate my **sensitive** eyes, and gives my amazing definition and volume!","##udge easy , doesn ' t ir ##rita ##te my sensitive eyes , and gives my amazing definition and volume !",sensitive,5 stars,Too Faced,Better Than Sex Mascara,Mascara
-0.09326655,-0.05452676,"! to start off, i have really watery and **sensitive** eyes, so i can only wear waterproof mascara","! to start off , i have really watery and sensitive eyes , so i can only wear water ##proof mascara",sensitive,5 stars,Too Faced,Better Than Sex Waterproof Mascara,Mascara
-0.091447845,-0.053195078,"to, so less rubbing is really nice for my **sensitive** eyes! … read more this mascara is absolutely amazing","to , so less rubbing is really nice for my sensitive eyes ! … read more this mascara is absolutely amazing",sensitive,5 stars,Too Faced,Better Than Sex Waterproof Mascara,Mascara
-0.09368496,-0.06728619,". … read more this mascara is great for my **sensitive**, watery eyes and oily lids. stays put",". … read more this mascara is great for my sensitive , watery eyes and oil ##y lids . stays put",sensitive,5 stars,Too Faced,Better Than Sex Waterproof Mascara,Mascara
-0.09208007,-0.11683412,also keeps my lashes very soft. i have very **sensitive** dry eyes and this does not aggravate them,also keeps my lashes very soft . i have very sensitive dry eyes and this does not ag ##gra ##vate them,sensitive,5 stars,Too Faced,Better Than Sex Waterproof Mascara,Mascara
-0.09259997,-0.06817765,it was a fiber mascara since my eyes are so **sensitive**. it does work and doesn 't smudge,it was a fiber mascara since my eyes are so sensitive . it does work and doesn ' t sm ##udge,sensitive,3 stars,Urban Decay,Cannonball Ultra Waterproof Mascara,Mascara
-0.095143355,-0.08047495,was told this was the best waterproof mascara for **sensitive** eyes. this stuff feels like razors when it,was told this was the best water ##proof mascara for sensitive eyes . this stuff feels like razor ##s when it,sensitive,1 star,Urban Decay,Cannonball Ultra Waterproof Mascara,Mascara
-0.09202203,-0.13695382,"fab i decided this mascara is surprisingly great for **sensitive** eyes, and for people who are looking for a","fa ##b i decided this mascara is surprisingly great for sensitive eyes , and for people who are looking for a",sensitive,2 stars,Too Faced,Better Than Sex Mascara,Mascara
-0.09127551,-0.11675132,"starts to get dried. so if you have super **sensitive** eyes with contact lenses, you'd better not","starts to get dried . so if you have super sensitive eyes with contact lenses , you ' d better not",sensitive,4 stars,Urban Decay,Cannonball Ultra Waterproof Mascara,Mascara
-0.09287147,-0.1414918,"to take it off at night. i have really **sensitive** eyes, and my eyes don 't burn from","to take it off at night . i have really sensitive eyes , and my eyes don ' t burn from",sensitive,5 stars,Urban Decay,Cannonball Ultra Waterproof Mascara,Mascara
-0.092503734,-0.0015417755,you dont have to tug & rub on your **sensitive** eye area. i tried it with the dior,you don ##t have to tug & rub on your sensitive eye area . i tried it with the di ##or,sensitive,5 stars,Urban Decay,Cannonball Ultra Waterproof Mascara,Mascara
-0.08685862,-0.011121349,"t seem dry to me. i 'm super **sensitive** when it comes to which products work for me,","t seem dry to me . i ' m super sensitive when it comes to which products work for me ,",sensitive,2 stars,Dior,Diorshow Waterproof Mascara,Mascara
-0.094735295,-0.12688021,"ation i read on a forum. i have very **sensitive** eyes, rosacea. 99 % of mascaras","##ation i read on a forum . i have very sensitive eyes , rosa ##cea . 99 % of mascara ##s",sensitive,5 stars,Dior,Diorshow Waterproof Mascara,Mascara
-0.08983668,-0.06230572,is a bit strong but my eyes aren 't **sensitive** so i got use to the smell. the smell,is a bit strong but my eyes aren ' t sensitive so i got use to the smell . the smell,sensitive,5 stars,Dior,Diorshow Waterproof Mascara,Mascara
-0.09323233,-0.12892473,"this product in exchange for a review. i have **sensitive** eyes so eye cream shadow etc can cause tears,","this product in exchange for a review . i have sensitive eyes so eye cream shadow etc can cause tears ,",sensitive,4 stars,Tom Ford,Emotionproof Mascara,Mascara
-0.08986311,-0.019351998,and last all day long! my eyes can be **sensitive** to mascara. any flaking and i am it,and last all day long ! my eyes can be sensitive to mascara . any fl ##aking and i am it,sensitive,5 stars,Tom Ford,Emotionproof Mascara,Mascara
-0.09519718,-0.08856959,this came out. i 'm someone with super **sensitive** eyes and i was hesitant at first to try it,this came out . i ' m someone with super sensitive eyes and i was hesitant at first to try it,sensitive,5 stars,FENTY BEAUTY BY RIHANNA,Flyliner Longwear Liquid Eyeliner,Liquid Eyeliner
-0.0937914,-0.12072791,my makeup remover which is important due to my **sensitive** eyes. application is super easy especially with the shape,my makeup remove ##r which is important due to my sensitive eyes . application is super easy especially with the shape,sensitive,5 stars,FENTY BEAUTY BY RIHANNA,Flyliner Longwear Liquid Eyeliner,Liquid Eyeliner
-0.096123084,-0.06397398,goodluck if you have allergies or **sensitive** eyes because your eyes will water and the liner comes,good ##lu ##ck if you have all ##er ##gies or sensitive eyes because your eyes will water and the liner comes,sensitive,1 star,FENTY BEAUTY BY RIHANNA,Flyliner Longwear Liquid Eyeliner,Liquid Eyeliner
-0.09474643,0.10111646,"this primer. i have oily, super **sensitive** skin and really dislike silicone-based primers","this prime ##r . i have oil ##y , super sensitive skin and really dislike silicon ##e - based prime ##rs",sensitive,5 stars,Too Faced,Hangover Replenishing Face Primer,Primer
-0.09231792,0.09319736,", but i guess it ’ s not for my **sensitive** skin. i have been in the skin care business",", but i guess it ’ s not for my sensitive skin . i have been in the skin care business",sensitive,4 stars,Too Faced,Hangover Replenishing Face Primer,Primer
-0.09459501,0.07523559,"!!!! wow so i have combination, **sensitive** skin and i'd been hearing a lot about","! ! ! ! wow so i have combination , sensitive skin and i ' d been hearing a lot about",sensitive,1 star,Too Faced,Hangover Replenishing Face Primer,Primer
-0.092214026,0.10855684,"holding my makeup in place, but not for my **sensitive** skin. this didn 't work well with my","holding my makeup in place , but not for my sensitive skin . this didn ' t work well with my",sensitive,,,,
-0.082602434,-0.00024634428,in areas. it smells great. if you are **sensitive** to strong scents then you may want to avoid it,in areas . it smells great . if you are sensitive to strong scents then you may want to avoid it,sensitive,3 stars,Too Faced,Hangover Replenishing Face Primer,Primer
-0.091718614,0.13387968,… read more great product! i have extremely dry **sensitive** eczema skin and this primer helps soothe,… read more great product ! i have extremely dry sensitive ec ##ze ##ma skin and this prime ##r helps soothe,sensitive,5 stars,Too Faced,Hangover Replenishing Face Primer,Primer
-0.09415756,0.11123947,my combo / oily / acne prone / **sensitive** skin! i really like how my make up looks,my combo / oil ##y / ac ##ne prone / sensitive skin ! i really like how my make up looks,sensitive,3 stars,FENTY BEAUTY BY RIHANNA,Flyliner Longwear Liquid Eyeliner,Liquid Eyeliner
-0.093764916,0.065383546,"objectives. i have very dry skin that is rather **sensitive**. i am not particularly acne prone, but","objectives . i have very dry skin that is rather sensitive . i am not particularly ac ##ne prone , but",sensitive,4 stars,Too Faced,Hangover Replenishing Face Primer,Primer
-0.094817944,0.10090859,"on my face, but ultimately broke out my very **sensitive** skin and i had to stop using it. which","on my face , but ultimately broke out my very sensitive skin and i had to stop using it . which",sensitive,3 stars,Too Faced,Hangover Replenishing Face Primer,Primer
-0.09414369,0.08379554,"reviews about it breaking people out, i have very **sensitive** acne prone skin and my skin has actually improved","reviews about it breaking people out , i have very sensitive ac ##ne prone skin and my skin has actually improved",sensitive,5 stars,Too Faced,Hangover Replenishing Face Primer,Primer
-0.09372436,0.0888058,or is it just me? i have tried their **sensitive** skin poreless primer and was not happy,or is it just me ? i have tried their sensitive skin por ##eles ##s prime ##r and was not happy,sensitive,5 stars,Too Faced,Hangover Replenishing Face Primer,Primer
-0.09408218,0.1006408,for me as well as very gentle on my sometimes **sensitive** skin. i now use this daily and love it,for me as well as very gentle on my sometimes sensitive skin . i now use this daily and love it,sensitive,5 stars,Too Faced,Hangover Replenishing Face Primer,Primer
-0.09580996,0.07390143,"work for me, i don 't really have **sensitive** skin and it made me breakout in places that are","work for me , i don ' t really have sensitive skin and it made me breakout in places that are",sensitive,1 star,Too Faced,Hangover Replenishing Face Primer,Primer
-0.09473225,0.103042044,it smells like coconut and doesn 't make my **sensitive** skin break out like some primers do. absolutely,it smells like coconut and doesn ' t make my sensitive skin break out like some prime ##rs do . absolutely,sensitive,5 stars,Too Faced,Hangover Replenishing Face Primer,Primer
-0.09204071,0.114255965,lovee love loveee this! i suffer from **sensitive** combination skin that is severely dry during the winter months,love ##e love love ##ee this ! i suffer from sensitive combination skin that is severely dry during the winter months,sensitive,5 stars,Too Faced,Hangover Replenishing Face Primer,Primer
-0.0906097,0.11189174,"the couple of years, my skin has gotten quite **sensitive**, and with that, quite dehydrated","the couple of years , my skin has gotten quite sensitive , and with that , quite de ##hy ##dra ##ted",sensitive,2 stars,Too Faced,Hangover Replenishing Face Primer,Primer
-0.09185586,0.095236406,doesn 't cause redness or irritation to my **sensitive** skin. i love the pump dispenser,doesn ' t cause red ##ness or irritation to my sensitive skin . i love the pump di ##sp ##ense ##r,sensitive,5 stars,Too Faced,Hangover Replenishing Face Primer,Primer
-0.092353344,0.11683393,"t irritate or make my cranky / **sensitive** skin breakout! no silicones! works fantastic,","t ir ##rita ##te or make my crank ##y / sensitive skin breakout ! no silicon ##es ! works fantastic ,",sensitive,5 stars,Too Faced,Hangover Replenishing Face Primer,Primer
-0.094010435,0.074819505,"and really gives my makeup staying power. i have **sensitive**, acne-prone skin and have had no","and really gives my makeup staying power . i have sensitive , ac ##ne - prone skin and have had no",sensitive,5 stars,Too Faced,Hangover Replenishing Face Primer,Primer
-0.091438115,0.04580402,"it's a beautiful product. my skin is **sensitive** and reactive, no issues. in fact, i","it ' s a beautiful product . my skin is sensitive and reactive , no issues . in fact , i",sensitive,5 stars,Too Faced,Hangover Replenishing Face Primer,Primer
-0.094262324,0.101362444,primer i have ever used. i have combination **sensitive** skin so it can get dry randomly. other prime,prime ##r i have ever used . i have combination sensitive skin so it can get dry randomly . other prime,sensitive,5 stars,Too Faced,Hangover Replenishing Face Primer,Primer
-0.09489846,0.085903086,all while making my skin feel smooth. i have **sensitive** skin that literally flares up if i lightly rub,all while making my skin feel smooth . i have sensitive skin that literally flare ##s up if i lightly rub,sensitive,5 stars,Too Faced,Hangover Replenishing Face Primer,Primer
-0.093400545,0.10889548,"super excited to try this product. my skin is **sensitive** and dry, so i thought coconut water sounded great","super excited to try this product . my skin is sensitive and dry , so i thought coconut water sounded great",sensitive,2 stars,Too Faced,Hangover Replenishing Face Primer,Primer
-0.09124899,0.088103764,all day even in 85 degree weather. i have **sensitive** oily skin and this is perfect for me.,all day even in 85 degree weather . i have sensitive oil ##y skin and this is perfect for me .,sensitive,2 stars,Too Faced,Better Than Sex Waterproof Mascara,Mascara
-0.095220804,0.07769566,y-i love this product-i also have **sensitive** skin and don 't like to wear too much,##y - i love this product - i also have sensitive skin and don ' t like to wear too much,sensitive,5 stars,Too Faced,Hangover Replenishing Face Primer,Primer
-0.093128726,0.094073,!! i would deff recommended if you have **sensitive** dry skin. it works wonders. i love how,! ! i would def ##f recommended if you have sensitive dry skin . it works wonders . i love how,sensitive,5 stars,Too Faced,Hangover Replenishing Face Primer,Primer
-0.09326053,0.113088526,"lotion, which i love and soothes my **sensitive** skin. unlike with most of the silicone based","lot ##ion , which i love and soothe ##s my sensitive skin . unlike with most of the silicon ##e based",sensitive,5 stars,Too Faced,Hangover Replenishing Face Primer,Primer
-0.09301159,0.12720583,". i have tried every primer for my combination **sensitive** skin. from ysl, to laura mercier",". i have tried every prime ##r for my combination sensitive skin . from y ##sl , to laura mer ##cier",sensitive,5 stars,Too Faced,Hangover Replenishing Face Primer,Primer
-0.08803437,0.08012955,primers at all costs because my skin is super **sensitive** to silicones. i also have combination oil-,prime ##rs at all costs because my skin is super sensitive to silicon ##es . i also have combination oil -,sensitive,5 stars,Too Faced,Hangover Replenishing Face Primer,Primer
-0.09330555,0.091711886,"dressed up and it's just amazing! having **sensitive**, highly allergic skin and rosacea, i was","dressed up and it ' s just amazing ! having sensitive , highly allergic skin and rosa ##cea , i was",sensitive,5 stars,Too Faced,Hangover Replenishing Face Primer,Primer
-0.094840795,0.08268925,"how it made some people break out ( i have **sensitive** skin ), but i haven 't had any","how it made some people break out ( i have sensitive skin ) , but i haven ' t had any",sensitive,5 stars,Too Faced,Hangover Replenishing Face Primer,Primer
-0.08689809,0.076459855,my skin is oily and acne prone and **sensitive** to products. this goes on smooth like a lightweight,my skin is oil ##y and ac ##ne prone and sensitive to products . this goes on smooth like a lightweight,sensitive,2 stars,Urban Decay,Cannonball Ultra Waterproof Mascara,Mascara
-0.095430374,0.09038012,"caking. it also is very nice formula for **sensitive** skin, it doesn 't have a strong scent","ca ##king . it also is very nice formula for sensitive skin , it doesn ' t have a strong scent",sensitive,5 stars,Too Faced,Hangover Replenishing Face Primer,Primer
-0.09506046,0.09067078,"acne-prone, oily, or have **sensitive** skin! … read more best primer for dry","ac ##ne - prone , oil ##y , or have sensitive skin ! … read more best prime ##r for dry",sensitive,,,,
-0.09548752,0.091912106,. plus the scent is lovely. i have super **sensitive** skin and just about any type of lotion makes,. plus the scent is lovely . i have super sensitive skin and just about any type of lot ##ion makes,sensitive,5 stars,Too Faced,Hangover Replenishing Face Primer,Primer
-0.096061416,0.088270135,"makes my skin look great! i have dry, **sensitive** skin. this means i have to wear a moist","makes my skin look great ! i have dry , sensitive skin . this means i have to wear a moist",sensitive,5 stars,Too Faced,Hangover Replenishing Face Primer,Primer
-0.09406723,0.096421495,sunscreen. love this primer. i have **sensitive** skin too and no problems with this. light coconut,suns ##creen . love this prime ##r . i have sensitive skin too and no problems with this . light coconut,sensitive,5 stars,Too Faced,Hangover Replenishing Face Primer,Primer
-0.09348804,0.094347805,product is definitely not good for me i have very **sensitive** fair skin. i foolishly didn 't read,product is definitely not good for me i have very sensitive fair skin . i foolish ##ly didn ' t read,sensitive,1 star,Too Faced,Hangover Replenishing Face Primer,Primer
-0.0954894,0.0612672,"one, it peaked my interest. since i have **sensitive** skin, i always read a number of reviews for","one , it peaked my interest . since i have sensitive skin , i always read a number of reviews for",sensitive,5 stars,Too Faced,Hangover Replenishing Face Primer,Primer
-0.090845875,-0.005225776,waterline let alone lash line because i was so **sensitive**. could not keep my eyes open and would not,water ##line let alone lash line because i was so sensitive . could not keep my eyes open and would not,sensitive,1 star,Marc Jacobs,Highliner Gel Eye Crayon Eyeliner,Gel Eyeliner
-0.09273771,-0.100863226,eyes open and would not recommend it for people with **sensitive** eyes. i have been trying out this pencil for,eyes open and would not recommend it for people with sensitive eyes . i have been trying out this pencil for,sensitive,1 star,Urban Decay,Cannonball Ultra Waterproof Mascara,Mascara
-0.09698797,-0.10117901,lining my waterline for years and do not have **sensitive** eyes in general but for some reason i can ',lining my water ##line for years and do not have sensitive eyes in general but for some reason i can ',sensitive,3 stars,Marc Jacobs,Highliner Gel Eye Crayon Eyeliner,Gel Eyeliner
-0.09329664,-0.15384611,"t have any smudging. i have pretty **sensitive** eyes, and this didn 't bother them one","t have any sm ##ud ##ging . i have pretty sensitive eyes , and this didn ' t bother them one",sensitive,5 stars,Marc Jacobs,Highliner Gel Eye Crayon Eyeliner,Gel Eyeliner
-0.09390428,-0.093296655,the hunt for something that 'll work with my **sensitive** eyes and oil-slick eyelids. i bought this,the hunt for something that ' ll work with my sensitive eyes and oil - slick eyelids . i bought this,sensitive,4 stars,Marc Jacobs,Highliner Gel Eye Crayon Eyeliner,Gel Eyeliner
-0.09263314,-0.12228323,. maybe i just have a dud and too **sensitive** eyes … read more this is probably the 10th eye,. maybe i just have a du ##d and too sensitive eyes … read more this is probably the 10th eye,sensitive,,,,
-0.09634123,-0.12080352,... which is coming from someone with very **sensitive** eyes. i also use this to tightline with,. . . which is coming from someone with very sensitive eyes . i also use this to tight ##line with,sensitive,5 stars,Marc Jacobs,Highliner Gel Eye Crayon Eyeliner,Gel Eyeliner
-0.09341321,-0.080861576,fan of waterproof makeup since my eyes can be **sensitive** but this liner does not irritate my eyes,fan of water ##proof makeup since my eyes can be sensitive but this liner does not ir ##rita ##te my eyes,sensitive,5 stars,Marc Jacobs,Highliner Gel Eye Crayon Eyeliner,Gel Eyeliner
-0.09340579,-0.032906566,"let me first preface by stating that i have extremely **sensitive**, allergy-prone, and watery eyes.","let me first preface by stating that i have extremely sensitive , all ##ergy - prone , and watery eyes .",sensitive,5 stars,Marc Jacobs,Highliner Gel Eye Crayon Eyeliner,Gel Eyeliner
-0.09295507,-0.14374623,'s fine. just a warning to those with **sensitive** eyes! i love the vibrance of the,' s fine . just a warning to those with sensitive eyes ! i love the vi ##bra ##nce of the,sensitive,,,,
-0.089241266,-0.007205176,the eyeliner on very difficult. i also have **sensitive** allergy prone eyes which is why i don ',the eye ##liner on very difficult . i also have sensitive all ##ergy prone eyes which is why i don ',sensitive,5 stars,Marc Jacobs,Highliner Gel Eye Crayon Eyeliner,Gel Eyeliner
-0.093975544,-0.07449951,what to do? a few notes: i have **sensitive** eyes ( allergies ) that water terribly when,what to do ? a few notes : i have sensitive eyes ( all ##er ##gies ) that water terribly when,sensitive,5 stars,Marc Jacobs,Highliner Gel Eye Crayon Eyeliner,Gel Eyeliner
-0.09582964,-0.0325146,recommend this for every day use to someone who has **sensitive** skin or eyes. recently received this as a birthday,recommend this for every day use to someone who has sensitive skin or eyes . recently received this as a birthday,sensitive,3 stars,Marc Jacobs,Highliner Gel Eye Crayon Eyeliner,Gel Eyeliner
-0.09324803,-0.1104699,only eyeliner that does not irritate my **sensitive** eyes. my new favorite! i bought the high,only eye ##liner that does not ir ##rita ##te my sensitive eyes . my new favorite ! i bought the high,sensitive,4 stars,Marc Jacobs,Highliner Gel Eye Crayon Eyeliner,Gel Eyeliner
-0.09548712,-0.108144596,"only recommend this product to those who do not have **sensitive** eyes, or do not react to use of this","only recommend this product to those who do not have sensitive eyes , or do not react to use of this",sensitive,5 stars,Too Faced,Better Than Sex Mascara,Mascara
-0.092504516,-0.15363942,"on smooth, quick and creamy. i have extremely **sensitive** eyes and wear glasses, and a lot of liner","on smooth , quick and creamy . i have extremely sensitive eyes and wear glasses , and a lot of liner",sensitive,5 stars,Marc Jacobs,Highliner Gel Eye Crayon Eyeliner,Gel Eyeliner
-0.09267179,-0.108758606,". the very best. easy application and nice for **sensitive** eyes wow, i love this eyeliner! i",". the very best . easy application and nice for sensitive eyes wow , i love this eye ##liner ! i",sensitive,,,,
-0.090080224,-0.15870014,"and does not irritate my eyes which are **sensitive**. as eye liner goes, it's about","and does not ir ##rita ##te my eyes which are sensitive . as eye liner goes , it ' s about",sensitive,4 stars,Marc Jacobs,Highliner Gel Eye Crayon Eyeliner,Gel Eyeliner
-0.07876819,0.02566637,"). i am not sure if this formula is **sensitive** to room temperature, but it was warm in the",") . i am not sure if this formula is sensitive to room temperature , but it was warm in the",sensitive,2 stars,Marc Jacobs,Highliner Gel Eye Crayon Eyeliner,Gel Eyeliner
-0.08594373,0.008540914,-tip ( i recommend make up forever's **sensitive** eye remover. it's blue and so,- tip ( i recommend make up forever ' s sensitive eye remove ##r . it ' s blue and so,sensitive,5 stars,Dior,Diorshow Waterproof Mascara,Mascara
-0.0943232,0.05446359,as well. as far as being good for my **sensitive** skin: i accidentally stabbed myself in the eye twice,as well . as far as being good for my sensitive skin : i accidentally stabbed myself in the eye twice,sensitive,5 stars,Kat Von D,Tattoo Liner,Liquid Eyeliner
-0.09304998,-0.15948372,"black, last all day.. i have really **sensitive** eyes and this does not irratate at all","black , last all day . . i have really sensitive eyes and this does not ir ##rata ##te at all",sensitive,5 stars,Too Faced,Better Than Sex Waterproof Mascara,Mascara
-0.08369599,-0.08918257,seen about this liner. … read more i have **sensitive** easily irritated eyes and this does not bother them at,seen about this liner . … read more i have sensitive easily irritated eyes and this does not bother them at,sensitive,4 stars,Too Faced,Hangover Replenishing Face Primer,Primer
-0.096128225,-0.104203545,gets rid of it! … read more i have **sensitive** eyes and with all other liquid eyeliners they,gets rid of it ! … read more i have sensitive eyes and with all other liquid eye ##liner ##s they,sensitive,5 stars,Kat Von D,Tattoo Liner,Liquid Eyeliner
-0.09498653,-0.09854108,"eyeliner of all time. i 've got **sensitive** eyes and oily eyelids, so i 've","eye ##liner of all time . i ' ve got sensitive eyes and oil ##y eyelids , so i ' ve",sensitive,4 stars,Too Faced,Better Than Sex Mascara,Mascara
-0.0941736,-0.07817054,'s brush tip is much more comfortable on my **sensitive** eyes than the felt tip on kat von d ',' s brush tip is much more comfortable on my sensitive eyes than the felt tip on kat von d ',sensitive,4 stars,Kat Von D,Tattoo Liner,Liquid Eyeliner
-0.0925593,-0.08569024,"first; if, for example, your eyes are **sensitive** and tend to tear up when you 're applying","first ; if , for example , your eyes are sensitive and tend to tear up when you ' re applying",sensitive,4 stars,Kat Von D,Tattoo Liner,Liquid Eyeliner
-0.091421664,-0.024554871,ruin such a good thing? it can dry out **sensitive** eyelids. the consistency is pretty thick and you only,ruin such a good thing ? it can dry out sensitive eyelids . the consistency is pretty thick and you only,sensitive,4 stars,Urban Decay,Eyeshadow Primer Potion - Original,Eye Primer
-0.09290974,0.08720223,'s smooth and creamy and does not bother my **sensitive** skin. as for how well it works i have,' s smooth and creamy and does not bother my sensitive skin . as for how well it works i have,sensitive,5 stars,Urban Decay,Eyeshadow Primer Potion - Original,Eye Primer
-0.093209974,0.07193099,"to heal for several days after. if you have **sensitive** skin, i would not recommend this product to you","to heal for several days after . if you have sensitive skin , i would not recommend this product to you",sensitive,4 stars,Too Faced,Hangover Replenishing Face Primer,Primer
-0.09570573,0.020300766,"me. however, it is really harsh for the **sensitive** eyelid skin. i had no troubles at first","me . however , it is really harsh for the sensitive eye ##lid skin . i had no troubles at first",sensitive,2 stars,Urban Decay,Eyeshadow Primer Potion - Original,Eye Primer
-0.0949726,0.053069264,up but it is too harsh for my generally moderately **sensitive** skin. i 'm 32 so definitely at the,up but it is too harsh for my generally moderately sensitive skin . i ' m 32 so definitely at the,sensitive,5 stars,Too Faced,Hangover Replenishing Face Primer,Primer
-0.09374073,-0.046090066,-aging version is much better. i have super **sensitive** eyelids and have reacted badly to other brands of prime,- aging version is much better . i have super sensitive eyelids and have reacted badly to other brands of prime,sensitive,5 stars,Urban Decay,Eyeshadow Primer Potion - Original,Eye Primer
-0.09356989,0.054106966,sure if sephora carries it yet but i have **sensitive** skin and it literally melts makeup away gently and,sure if sep ##hora carries it yet but i have sensitive skin and it literally melt ##s makeup away gently and,sensitive,5 stars,Urban Decay,Eyeshadow Primer Potion - Original,Eye Primer
-0.09180355,0.048008345,"already sampling at the store. my entire body is **sensitive**, so i had to be real careful & pic","already sampling at the store . my entire body is sensitive , so i had to be real careful & pic",sensitive,5 stars,Stila,Stay All Day® Waterproof Liquid Eye Liner,Liquid Eyeliner
-0.09377841,-0.10056143,"this pen, and it doesn 't bother my **sensitive** eyes!!! will repurchase this great","this pen , and it doesn ' t bother my sensitive eyes ! ! ! will rep ##ur ##chase this great",sensitive,5 stars,Stila,Stay All Day® Waterproof Liquid Eye Liner,Liquid Eyeliner
-0.096749984,-0.08760649,amazing for many reasons: 1. i have extremely **sensitive** eyes and it doesn 't even tingle when i,amazing for many reasons : 1 . i have extremely sensitive eyes and it doesn ' t even tingle when i,sensitive,5 stars,Stila,Stay All Day® Waterproof Liquid Eye Liner,Liquid Eyeliner
-0.09156556,-0.15727332,"'t be disappointed! also-i have very **sensitive** eyes, and this product has not caused any problems","' t be disappointed ! also - i have very sensitive eyes , and this product has not caused any problems",sensitive,5 stars,Urban Decay,Eyeshadow Primer Potion - Original,Eye Primer
-0.09085739,-0.103288114,"hypoallergenic, my eyes are very **sensitive** and this eyeliner does not irritate them","h ##yp ##oa ##ller ##genic , my eyes are very sensitive and this eye ##liner does not ir ##rita ##te them",sensitive,5 stars,FENTY BEAUTY BY RIHANNA,Flyliner Longwear Liquid Eyeliner,Liquid Eyeliner
-0.09459563,-0.07414478,all kinds of eyeliner. my eyes are really **sensitive** and i my eyes randomly start crying through out the,all kinds of eye ##liner . my eyes are really sensitive and i my eyes randomly start crying through out the,sensitive,5 stars,Stila,Stay All Day® Waterproof Liquid Eye Liner,Liquid Eyeliner
-0.09166449,-0.10962448,"plus, it doesn 't irritate my **sensitive** eyes. it's worth every penny. as","plus , it doesn ' t ir ##rita ##te my sensitive eyes . it ' s worth every penny . as",sensitive,5 stars,Urban Decay,Cannonball Ultra Waterproof Mascara,Mascara
-0.09639893,-0.112270296,waterproof eyeliner that stays put. i have **sensitive** eyes and this does not burn. no racco,water ##proof eye ##liner that stays put . i have sensitive eyes and this does not burn . no ra ##cco,sensitive,5 stars,Kat Von D,Tattoo Liner,Liquid Eyeliner
-0.09604219,0.08076226,best products ive ever bought! i have really **sensitive** skin and it breaks out or gets irritated pretty easily,best products iv ##e ever bought ! i have really sensitive skin and it breaks out or gets irritated pretty easily,sensitive,1 star,Too Faced,Hangover Replenishing Face Primer,Primer
-0.09530881,0.07091946,but it ’ s a great product! i have **sensitive** skin and have always struggled to find the right products,but it ’ s a great product ! i have sensitive skin and have always struggled to find the right products,sensitive,5 stars,Marc Jacobs,Highliner Gel Eye Crayon Eyeliner,Gel Eyeliner
-0.09392861,0.100047275,make me break out so it's good for **sensitive** skin! i 'll be buying this again!,make me break out so it ' s good for sensitive skin ! i ' ll be buying this again !,sensitive,5 stars,Dior,Diorshow Waterproof Mascara,Mascara
-0.084994905,0.10722027,". since then, my body has become very heat **sensitive**. even in the dead of winter, i experience",". since then , my body has become very heat sensitive . even in the dead of winter , i experience",sensitive,5 stars,Urban Decay,All Nighter Long-Lasting Makeup Setting Spray,Setting Spray
-0.09272095,0.07587404,i have normal to dry skin that's very **sensitive** & this product does not dry out or irrita,i have normal to dry skin that ' s very sensitive & this product does not dry out or ir ##rita,sensitive,5 stars,Kat Von D,Tattoo Liner,Liquid Eyeliner
-0.09453121,0.09594153,"at the end of the shift. i have extremely **sensitive** skin that is acne prone, and this has","at the end of the shift . i have extremely sensitive skin that is ac ##ne prone , and this has",sensitive,5 stars,Urban Decay,All Nighter Long-Lasting Makeup Setting Spray,Setting Spray
-0.09364368,0.08321355,"-greasy, didn 't irritate my **sensitive** skin, and i didn 't notice any fragrance","- greasy , didn ' t ir ##rita ##te my sensitive skin , and i didn ' t notice any fragrance",sensitive,3 stars,Too Faced,Better Than Sex Waterproof Mascara,Mascara
-0.09407067,0.09694227,skin itchy. i returned it sadly. my **sensitive** skin doesn 't seem to care much for it,skin it ##chy . i returned it sadly . my sensitive skin doesn ' t seem to care much for it,sensitive,3 stars,Too Faced,Better Than Sex Mascara,Mascara
-0.09526073,0.06510607,"t do anything for me. i have combination, **sensitive** skin and live in a pretty humid environment ( houston","t do anything for me . i have combination , sensitive skin and live in a pretty humid environment ( houston",sensitive,1 star,Urban Decay,All Nighter Long-Lasting Makeup Setting Spray,Setting Spray
-0.088630594,0.07952624,still work for girls with less acne prone / **sensitive** skin. i submitted a similar review of this product,still work for girls with less ac ##ne prone / sensitive skin . i submitted a similar review of this product,sensitive,1 star,Urban Decay,All Nighter Long-Lasting Makeup Setting Spray,Setting Spray
-0.088118926,0.06806254,"hopefully this review will, since it may help other **sensitive** skin girls avoid a major breakout. … read more","hopefully this review will , since it may help other sensitive skin girls avoid a major breakout . … read more",sensitive,1 star,Urban Decay,All Nighter Long-Lasting Makeup Setting Spray,Setting Spray
-0.09383826,0.08551074,"it everyday!! i 'm asian, super **sensitive**, oily, acne prone skin and i","it everyday ! ! i ' m asian , super sensitive , oil ##y , ac ##ne prone skin and i",sensitive,5 stars,Too Faced,Hangover Replenishing Face Primer,Primer
